[{"ctx":{"type":"Entity","idx":0},"args":[{"type":"Entity","translate":true},{"type":"float"},{"type":"float"},{"type":"float"},{"type":"BOOL"},{"type":"BOOL"},{"type":"BOOL"},{"type":"BOOL"}],"name":"SET_ENTITY_COORDS","type":"ctx","hash":"0x06843DA7060A026B"},{"ctx":{"type":"Entity","idx":0},"args":[{"type":"Entity","translate":true},{"type":"int"},{"type":"int"}],"name":"SET_VEHICLE_COLOURS","type":"ctx","hash":"0x4F1D4BE3A7F24601"},{"ctx":{"type":"Player","idx":0},"args":[{"type":"Player","translate":true},{"type":"int"},{"type":"BOOL"}],"name":"SET_PLAYER_WANTED_LEVEL","type":"ctx","hash":"0x39FF19C64EF7DA5B"},{"ctx":{"type":"Entity","idx":0},"args":[{"type":"Entity","translate":true},{"type":"Entity","translate":true},{"type":"int"}],"name":"SET_PED_INTO_VEHICLE","type":"ctx","hash":"0xF75B0D629E1C063D"},{"name":"CREATE_VEHICLE","type":"entity","hash":"0xAF35D0D2583051B0","args":[{"type":"Hash"},{"type":"float"},{"type":"float"},{"type":"float"},{"type":"float"},{"type":"BOOL"},{"type":"BOOL"}]}]
